id,title,privacy,total_plays,total_comments,total_likes
200019,Drift Day,users,205,10,6
200088,Bloc Party- The Prayer,anybody,751,0,10
200108,Charlotte Gainsbourg- Songs That We Sing,anybody,1964,2,23
200111,5 Memorial Weekend Vignettes,anybody,689,24,21
200197,5@5 vignettes,anybody,119,3,8
200224,show us the muscles,anybody,341,8,12
200256,hurdy gurdy,anybody,236,5,7
200318,My 5 Vignettes ,anybody,673,10,11
200346,BIKE THE DRIVE MAY 27 2007,anybody,415,32,26
200354,Musical 5 X 5 X Ctd3,anybody,125,10,7
